"","title","imdb_title_id","year","budget","revenue","director","runtime","production_company","metascore","reviews_from_users","reviews_from_critics","sexprotagonista","sexcoprotagonista","bellezzafemminile","bellezzamaschile","genere","weighted_average_vote","total_votes","mean_vote","median_vote","votes_10","votes_9","votes_8","votes_7","votes_6","votes_5","votes_4","votes_3","votes_2","votes_1","allgenders_0age_avg_vote","allgenders_0age_votes","allgenders_18age_avg_vote","allgenders_18age_votes","allgenders_30age_avg_vote","allgenders_30age_votes","allgenders_45age_avg_vote","allgenders_45age_votes","males_allages_avg_vote","males_allages_votes","males_0age_avg_vote","males_0age_votes","males_18age_avg_vote","males_18age_votes","males_30age_avg_vote","males_30age_votes","males_45age_avg_vote","males_45age_votes","females_allages_avg_vote","females_allages_votes","females_0age_avg_vote","females_0age_votes","females_18age_avg_vote","females_18age_votes","females_30age_avg_vote","females_30age_votes","females_45age_avg_vote","females_45age_votes","top1000_voters_rating","top1000_voters_votes","us_voters_rating","us_voters_votes","non_us_voters_rating","non_us_voters_votes","genere_1","genere_2","oscar","nomination"
"1","50 First Dates","tt0343660",2004,75000000,196482882,"Peter Segal",99,"Columbia Pictures",48,506,151,"0","1","2","1","Comedy",6.8,320588,7,7,26496,24910,60257,97392,63581,26930,10499,4996,2711,2816,6.6,103,6.8,75307,6.8,148189,6.8,26310,6.8,182400,6.2,60,6.8,45831,6.7,108241,6.8,20214,6.9,76331,7.2,31,6.9,28343,6.8,38383,7.1,5685,6.6,689,6.7,56996,6.8,150963,"Comedy","Romance",0,0
"2","A Few Good Men","tt0104257",1992,40000000,243240178,"Rob Reiner",138,"Columbia Pictures",62,391,88,"0","0","0","2","Drama",7.7,229444,7.8,8,23501,36962,80795,58391,19151,6016,2026,956,569,1077,8,60,7.8,28127,7.6,105013,7.6,39908,7.7,153825,7.9,47,7.8,24071,7.6,89586,7.6,33284,7.6,25265,7.8,8,7.8,3704,7.6,14205,7.7,6021,7.3,734,7.9,51508,7.6,99929,"Drama","Drama",0,4
"3","Air Force One","tt0118571",1997,85000000,315156409,"Wolfgang Petersen",124,"Columbia Pictures",61,439,137,"0","0","0","2","Action",6.5,176882,6.6,7,8542,8850,26153,52881,45072,18878,7733,3793,2258,2722,6.7,31,6.7,18388,6.4,84989,6.5,29878,6.5,121669,6.8,24,6.7,16209,6.4,75107,6.4,25428,6.6,15694,7,3,6.8,1971,6.5,8980,6.8,4047,6.4,717,6.8,41315,6.3,77834,"Adventure","Adventure",0,2
"4","American Beauty","tt0169547",1999,15000000,356296601,"Sam Mendes",122,"DreamWorks",84,2903,198,"0","0","1","1","Drama",8.3,1049009,8.2,8,235199,286660,280938,139714,50133,21336,10565,6555,5306,12603,8.6,388,8.5,194136,8.3,453812,8.1,114080,8.4,626981,8.7,254,8.6,139120,8.4,360059,8.1,92481,8.1,169354,8.2,84,8.2,51625,8.1,88030,7.9,19707,8,861,8.4,182112,8.3,456395,"Comedy","Drama",5,8
"5","American Pie","tt0163651",1999,11000000,235483004,"Paul Weitz|Chris Weitz",95,"Universal Pictures",58,809,147,"0","0","1","0","Comedy",7,370091,7.1,7,34529,33728,81896,113615,54755,23450,10730,6261,4228,6899,7.1,116,7.1,77869,7,176983,6.8,31651,7.1,245373,7.1,77,7.2,61430,7.1,147036,6.9,27102,6.5,49636,6.8,22,6.7,15404,6.4,28126,6.4,4069,6.6,775,7,66747,7,178923,"Comedy",NA,0,0
"6","Anger Management","tt0305224",2003,75000000,195745823,"Peter Segal",106,"Revolution Studios",52,491,74,"0","0","0","0","Comedy",6.3,200456,6.3,6,9005,7810,24412,53477,55620,27452,11480,5356,2909,2935,5.9,45,6.4,36435,6.2,103094,6,19116,6.3,137143,6,40,6.4,28982,6.3,86670,6,16162,6.1,26139,4.3,3,6.3,6973,6.1,15381,6,2680,5.9,666,6,40350,6.3,97407,"Comedy",NA,0,0
"7","Armageddon","tt0120591",1998,140000000,553799566,"Michael Bay",151,"Touchstone Pictures",42,1228,171,"0","0","0","1","Action",6.7,389810,6.7,7,35072,30360,67912,100009,73035,36420,18329,10846,7417,10410,6.6,82,6.9,53768,6.7,193499,6.5,49056,6.7,258857,6.4,63,6.8,43325,6.7,161958,6.4,41498,7,48147,7.2,15,7.2,9648,7,29304,7,6814,6.3,796,6.6,72743,6.7,182261,"Science fiction","Adventure",0,4
"8","Big Fish","tt0319061",2003,70000000,122919055,"Tim Burton",125,"Columbia Pictures",58,880,247,"0","0","0","0","Adventure",8,408409,8,8,75576,87928,124956,69353,27220,10476,4625,2569,1760,3946,8.1,99,8.1,71484,8,211403,7.7,41936,8,252428,8.1,60,8,46935,8,162712,7.6,33870,8.1,80664,8.1,28,8.2,23458,8.1,46263,7.7,7380,7.4,758,7.9,80069,8,203543,"Comedy","Drama",0,1
"9","Braveheart","tt0112573",1995,72000000,2.1e+08,"Mel Gibson",177,"Icon Entertainment International",68,1276,148,"0","1","1","1","Action",8.3,941683,8.3,9,238249,242110,243816,125405,45366,19217,9129,5579,4029,8783,8.2,338,8.3,152180,8.4,416431,8.1,106329,8.4,606390,8.2,257,8.4,126509,8.5,352796,8.1,88205,8,105154,7.4,41,8,23528,8,58479,8,16476,8,841,8.4,156061,8.3,398775,"Adventure","Drama",5,10
"10","Bruce Almighty","tt0315327",2003,80000000,484572835,"Tom Shadyac",101,"Spyglass Entertainment",46,642,182,"0","0","0","0","Adventure",6.8,365635,6.8,7,21555,21490,63971,124010,81596,30966,11506,5043,2472,3026,6.8,187,7,85977,6.7,163223,6.5,29230,6.8,235153,6.8,146,7,65601,6.7,133801,6.5,24513,6.7,53710,6.5,25,6.9,19084,6.6,27676,6.5,4265,6.5,759,6.7,58552,6.7,178139,"Comedy","Fantasy",0,0
"11","Catch Me If You Can","tt0264464",2002,52000000,352114312,"Steven Spielberg",141,"DreamWorks",75,848,204,"0","0","0","2","Drama",8.1,800449,8.1,8,108789,185185,307124,142898,36732,10814,3729,1936,1244,1998,8.4,636,8.3,183271,8,307140,7.7,63399,8.1,475290,8.4,442,8.3,140076,8,248249,7.6,51273,8.1,113199,8.1,105,8.3,39178,7.9,54560,7.8,10920,7.8,842,8,109704,8,339496,"Comedy","Drama",0,2
"12","Collateral","tt0369339",2004,65000000,217764291,"Michael Mann",120,"Paramount Pictures",71,898,224,"0","1","1","2","Drama",7.5,352788,7.6,8,29429,47767,119549,100618,35705,11116,3938,1774,981,1911,7.6,88,7.6,53044,7.5,182153,7.4,40852,7.5,257075,7.6,73,7.6,47609,7.5,163361,7.4,35435,7.2,27622,8.3,8,7.3,4800,7.1,16856,7.3,4795,7.3,734,7.7,62404,7.5,179701,"Action","Drama",0,2
"13","Con Air","tt0118880",1997,75000000,224012234,"Simon West",115,"Touchstone Pictures",52,402,133,"0","0","0","0","Action",6.9,271350,6.9,7,17148,18563,53208,89324,53538,21351,8645,4254,2493,2826,6.5,48,6.9,32233,6.9,141844,6.7,34785,6.9,191804,6.7,30,6.9,28468,6.9,125297,6.7,29531,6.9,24301,6.7,8,7,3340,6.9,14990,6.9,4717,6.8,747,6.8,50333,6.8,131245,"Action","Thriller",0,2
"14","Dirty Dancing","tt0092890",1987,6000000,213954274,"Emile Ardolino",100,"Great American Films Limited Partnership",65,466,111,"1","0","1","1","Drama",7,197346,7.2,7,32374,19119,35930,48002,32181,14752,6499,3466,2096,2927,7.1,126,7.1,35017,6.9,82333,6.8,27293,6.5,77763,6.4,39,6.7,11606,6.5,43498,6.5,18727,7.6,72760,7.7,63,7.5,22536,7.7,37644,7.8,8119,6.4,647,7,36941,6.9,85222,"Comedy","Romance",1,1
"15","Dodgeball A True Underdog Story","tt0364725",2004,20000000,167722310,"Rawson Marshall Thurber",92,"Twentieth Century Fox",55,409,146,"0","1","2","0","Comedy",6.7,225525,6.8,7,14264,15389,42045,69780,47541,19865,8335,3876,2132,2298,6.6,55,6.8,45088,6.7,104988,6.6,21430,6.7,153927,6.4,43,6.8,37564,6.7,90590,6.6,18454,6.5,24087,7.1,9,6.5,6895,6.5,13326,6.7,2669,6.2,639,6.9,56428,6.5,93878,"Comedy","Sport",0,0
"16","Double Jeopardy","tt0150377",1999,70000000,177841558,"Bruce Beresford",105,"Paramount Pictures",40,370,132,"1","0","1","1","Drama",6.5,72485,6.5,7,3570,3261,10257,21001,19129,8404,3505,1557,913,888,6.5,9,6.7,5116,6.4,33514,6.6,15488,6.4,43065,6.6,8,6.5,3409,6.3,25665,6.5,12420,7,12623,NA,NA,7.1,1616,6.9,7512,7,2866,6,546,6.5,19308,6.4,30029,"Crime","Drama",0,0
"17","Enemy of the State","tt0120660",1998,90000000,250649836,"Tony Scott",132,"Touchstone Pictures",67,451,90,"0","0","0","2","Action",7.3,223789,7.4,7,13489,21318,65747,79658,29378,8584,2906,1149,604,956,7.1,27,7.3,25176,7.3,116315,7.3,32015,7.3,161975,7.2,15,7.3,22842,7.3,104751,7.3,27726,7.3,17004,6.5,8,7.2,2054,7.2,10360,7.4,3807,7.1,732,7.3,41347,7.3,111050,"Action","Thriller",0,0
"18","Entrapment","tt0137494",1999,66000000,212404396,"Jon Amiel",112,"Twentieth Century Fox",54,291,147,"1","0","0","0","Comedy",6.3,105339,6.3,6,3451,3578,12422,29383,31748,14417,5569,2501,1138,1132,7.7,7,6.5,8199,6.2,53654,6.3,18416,6.3,69829,7.5,5,6.4,6287,6.2,45354,6.3,15786,6.4,12436,10,1,6.7,1804,6.3,7725,6.4,2395,6.1,615,6.2,19723,6.3,52850,"Action","Romance",0,0
"19","Erin Brockovich","tt0195685",2000,52000000,256271286,"Steven Soderbergh",131,"Universal Pictures",73,525,155,"0","0","2","1","Drama",7.3,170733,7.4,7,13783,20018,49994,53552,20148,7036,2649,1263,796,1494,7.6,34,7.5,20322,7.3,79459,7.4,29392,7.2,90660,7.8,20,7.4,10822,7.2,53725,7.3,22809,7.5,42055,7.2,12,7.6,9138,7.5,24725,7.6,6141,7.1,669,7.3,32146,7.3,81778,"Drama","Drama",1,5
"20","Ferris Buellers Day Off","tt0091042",1986,6000000,70136369,"John Hughes",103,"Paramount Pictures",61,593,137,"0","0","0","0","Drama",7.8,313852,7.9,8,52636,54572,97575,64810,25763,9387,3826,2043,1263,1977,8,228,7.8,59678,7.7,126028,7.9,44301,7.8,188539,8.1,163,7.8,42206,7.7,100921,7.9,36013,7.8,50698,7.8,48,7.9,16506,7.7,23749,8,7637,7.4,769,8.1,89809,7.5,110860,"Comedy",NA,0,0
"21","Fight Club","tt0137523",1999,63000000,100853753,"David Fincher",139,"Fox 2000 Pictures",66,3758,370,"0","0","0","2","Drama",8.8,1807440,8.7,9,622922,557182,359478,147377,51538,24132,12404,8429,6835,17143,9.1,1188,8.9,401712,8.8,713119,8.2,136773,8.8,1096311,9.1,829,8.9,311289,8.9,586832,8.3,113072,8.7,235723,8.9,186,8.8,81622,8.7,115892,8.1,20944,8.3,882,8.7,263329,8.8,727678,"Drama","Drama",0,1
"22","Finding Nemo (Widescreen)","tt0266543",2003,94000000,864625978,"Andrew Stanton|Lee Unkrich",100,"Pixar Animation Studios",90,978,149,"0","0","0","0","Comedy",8.1,927957,8.1,8,163295,209247,307660,163871,50709,16369,6126,3352,2329,4999,8.2,885,8.2,231865,8.1,345705,8.1,72182,8.1,520768,8.2,612,8.2,162865,8,263682,8,57071,8.3,169242,8,186,8.3,64745,8.3,77689,8.4,13918,7.8,814,8.3,142940,8,380693,"Animation","Adventure",1,4
"23","Forrest Gump","tt0109830",1994,55000000,677945399,"Robert Zemeckis",142,"Paramount Pictures",82,2416,169,"0","1","1","0","Comedy",8.8,1755490,8.7,9,603061,536316,361096,146404,49725,22185,11439,7519,5833,11912,8.9,1623,8.9,390199,8.8,642169,8.5,150859,8.8,1005336,9,1097,8.9,288051,8.8,511682,8.5,120171,8.7,262099,8.7,286,8.7,92554,8.7,120271,8.5,27542,8.3,923,8.7,252635,8.8,672604,"Comedy","Romance",6,13
"24","Ghost","tt0099653",1990,22000000,5.05e+08,"Jerry Zucker",127,"Paramount Pictures",52,305,97,"0","1","0","0","Adventure",7,192449,7.2,7,18668,18025,41720,57927,31735,13203,5265,2623,1520,1763,6.8,56,7.1,25283,7,91100,7.1,31109,7,107636,6.7,29,7.1,14064,7,65241,7,24140,7.2,44222,7.3,20,7.2,10754,7.2,24775,7.4,6513,6.9,750,7.1,37397,7,90579,"Comedy","Drama",2,5
"25","Gladiator","tt0172495",2000,103000000,457640427,"Ridley Scott",155,"DreamWorks",67,2653,213,"0","0","0","2","Action",8.5,1308193,8.5,9,343625,387424,331902,148737,50182,20455,9344,5554,3724,7246,8.3,660,8.6,254464,8.5,533844,8.3,127868,8.6,827199,8.4,499,8.6,209946,8.6,449506,8.3,106252,8.3,145293,8,86,8.4,39506,8.2,76502,8.2,19212,8.1,886,8.5,191043,8.5,543144,"Action","Adventure",5,12
"26","Gone in 60 Seconds","tt0187078",2000,90000000,237202299,"Dominic Sena",118,"Touchstone Pictures",35,552,135,"0","0","2","0","Action",6.5,256788,6.6,7,15633,14051,38813,73174,61776,28667,12235,5721,3334,3384,6.2,26,6.7,35964,6.5,137110,6.2,26058,6.5,180807,6.2,21,6.7,31307,6.5,119384,6.1,22281,6.6,25076,9,2,6.7,4228,6.5,16244,6.5,3377,5.9,689,6.5,44214,6.5,127227,"Action","Adventure",0,0
"27","Good Will Hunting","tt0119217",1997,10000000,225933435,"Gus Van Sant",126,"Be Gentlemen Limited Partnership",70,899,164,"0","0","0","2","Drama",8.3,837379,8.3,8,161582,230752,266905,118168,33870,11863,5264,2769,1986,4220,8.4,471,8.4,176953,8.2,331126,8.1,82581,8.3,503347,8.4,335,8.5,136028,8.3,267522,8,66113,8.2,120196,8,84,8.4,37532,8.1,59328,8.2,15085,7.7,854,8.4,143232,8.2,340563,"Drama","Drama",2,9
"28","How to Lose a Guy in 10 Days","tt0251127",2003,50000000,177371441,"Donald Petrie",116,"Lynda Obst Productions",45,387,133,"1","0","2","0","Comedy",6.4,205336,6.6,7,15543,12227,29115,53797,51117,24151,9714,4605,2469,2598,6.6,75,6.5,48268,6.3,88569,6.2,16872,6.1,81737,6.1,23,6.2,17597,6.1,48950,6.1,11330,6.8,78173,6.8,41,6.8,29658,6.7,38451,6.7,5256,5.8,557,6.3,33661,6.3,92348,"Comedy","Romance",0,0
"29","I Robot","tt0343818",2004,120000000,347234916,"Alex Proyas",115,"Twentieth Century Fox",59,842,219,"0","0","0","0","Action",7.1,490975,7.2,7,29078,39855,118260,176347,81015,27197,9721,4284,2335,2883,7.1,189,7.2,105442,7,215503,7,46788,7.1,333592,7.2,146,7.2,88041,7,186424,7,40094,7,51232,6.4,23,7.1,15744,7,26538,7.2,5900,6.8,818,7,74775,7,230657,"Science fiction","Drama",0,1
"30","Independence Day","tt0116629",1996,75000000,816969268,"Roland Emmerich",145,"Twentieth Century Fox",59,946,201,"0","0","0","2","Action",7,520255,7,7,43470,46631,111248,152061,84611,37000,17683,10420,6861,10270,7,168,7,75437,7,243679,6.8,66316,7,345946,7,137,7,64143,7,208606,6.8,55580,7.1,55111,6.5,18,7,10210,7.1,32185,7.3,9717,6.8,871,7.2,101111,6.9,227599,"Science fiction","Adventure",1,2
"31","Indiana Jones and the Last Crusade","tt0097576",1989,48000000,474171806,"Steven Spielberg",127,"Paramount Pictures",65,581,170,"0","0","0","2","Adventure",8.2,676976,8.2,8,123667,167019,218816,109567,33269,11776,4820,2513,1710,3819,8.3,440,8.2,108453,8.3,282422,8.1,89147,8.3,436676,8.4,357,8.2,91284,8.3,243520,8.1,75005,8.1,67565,8.2,55,8,15463,8.1,35322,8.1,12725,8.2,871,8.4,132224,8.2,274062,"Adventure","Adventure",1,3
"32","John Q","tt0251160",2001,36000000,102244770,"Nick Cassavetes",116,"New Line Cinema",30,412,100,"0","0","0","0","Drama",7.1,121329,7.2,7,11339,11026,27533,39463,19211,6840,2809,1281,780,1047,6.9,16,7.4,18626,7,62516,6.7,12941,7.1,84289,6.7,13,7.4,15631,7,54081,6.7,10734,7.3,13173,8.5,2,7.6,2742,7.2,7729,7.1,2001,6.4,533,6.9,25360,7.1,55658,"Drama","Drama",0,0
"33","Kill Bill: Vol. 1","tt0266697",2003,30000000,180949000,"Quentin Tarantino",111,"Miramax",69,2285,370,"1","0","1","0","Action",8.1,977296,8,8,180067,234344,292944,147782,54737,23772,12133,8445,7000,16072,8.3,641,8.2,194057,8.1,415274,7.9,90756,8.1,613855,8.4,452,8.2,151857,8.1,345733,7.9,77085,8.1,122513,8.1,111,8.2,38406,8.1,64052,7.7,12101,7.9,864,8.2,149521,8.1,431071,"Action","Thriller",0,0
"34","Kill Bill: Vol. 2","tt0378194",2004,30000000,152159461,"Quentin Tarantino",136,"Miramax",83,1028,309,"0","0","0","0","Action",8,668215,7.9,8,109155,140443,221777,112278,40706,16724,7725,4723,4355,10329,8.2,480,8.1,128686,7.9,302436,7.8,63218,8,436364,8.2,344,8.1,102620,7.9,255657,7.8,54204,8.1,78636,7.7,76,8.2,23437,8,42936,7.8,7982,7.7,824,8.1,109511,7.9,311997,"Action","Thriller",0,0
"35","Lethal Weapon 4","tt0122151",1998,140000000,285444603,"Richard Donner",127,"Warner Bros.",37,310,158,"0","0","0","1","Action",6.6,151030,6.7,7,9662,8051,23716,47368,36092,14601,5756,2657,1384,1743,6.7,22,6.8,14088,6.7,79761,6.4,23327,6.6,109937,6.9,14,6.8,12756,6.7,72589,6.4,20395,6.7,10629,6.4,5,6.9,1181,6.7,6351,6.7,2626,6.4,691,6.6,29596,6.6,74090,"Adventure","Adventure",0,0
"36","Lord of the Rings: The Fellowship of the Ring","tt0120737",2001,93000000,871368364,"Peter Jackson",178,"New Line Cinema",92,5392,340,"0","0","0","1","Adventure",8.8,1619920,8.7,9,614886,448533,307367,129205,45458,22152,10727,8085,6800,26707,8.8,1091,8.9,346622,8.8,626412,8.6,152236,8.8,976684,8.9,809,9,269336,8.8,510418,8.6,124250,8.8,217324,8.4,149,8.8,70426,8.7,106759,8.8,24884,8.6,917,8.8,241477,8.8,661246,"Action","Adventure",0,0
"37","Lord of the Rings: The Return of the King","tt0167260",2003,94000000,1118888979,"Peter Jackson",201,"New Line Cinema",94,3718,353,"0","0","0","0","Adventure",8.9,1604280,8.8,9,686098,422265,262710,114571,43667,21363,10630,7832,6460,28684,9.1,1063,9.1,350470,8.8,628937,8.7,139029,8.9,982478,9.2,782,9.2,275910,8.8,517661,8.6,114189,8.8,207005,8.6,148,9,67636,8.8,102283,8.7,22147,8.6,900,8.9,233861,8.9,656768,"Comedy","Drama",1,4
"38","Lord of the Rings: The Two Towers","tt0167261",2002,79000000,926287400,"Peter Jackson",179,"New Line Cinema",87,2575,324,"0","0","0","0","Adventure",8.7,1449778,8.6,9,504357,409869,301996,127021,43654,20290,9453,6673,5760,20705,8.8,948,8.9,315317,8.7,564703,8.5,129692,8.7,881140,8.9,709,8.9,247267,8.7,461732,8.5,105927,8.7,191549,8.4,127,8.8,61972,8.6,94875,8.6,21270,8.5,898,8.7,213479,8.7,596052,"Comedy","Romance",0,0
"39","Lost in Translation","tt0335266",2003,4000000,119723856,"Sofia Coppola",102,"Focus Features",89,1988,290,"0","1","0","0","Drama",7.7,403588,7.7,8,68907,75472,109093,75493,35115,15836,7918,4984,3755,7015,7.8,149,7.7,70852,7.7,190988,7.5,47103,7.8,250014,7.8,109,7.8,50151,7.8,151007,7.6,38852,7.4,67409,7.6,29,7.4,19478,7.4,37613,7.4,7395,7.2,742,7.7,69208,7.7,202586,"Action","Drama",0,0
"40","Maid in Manhattan","tt0252076",2002,55000000,154906693,"Wayne Wang",105,"Revolution Studios",45,252,114,"1","0","2","2","Comedy",5.3,82799,5.3,5,3723,2014,5219,10712,16609,17633,10833,6380,4082,5594,6.2,14,5.6,14333,5,37033,5.3,11740,4.9,31195,6,5,5.1,3843,4.7,18495,5.2,7808,5.6,33686,6.3,8,5.8,10269,5.4,18068,5.6,3742,4.8,459,5.1,19486,5.2,36132,"Comedy","Romance",0,1
"41","Man on Fire","tt0328107",2004,70000000,130293714,"Tony Scott",146,"Fox 2000 Pictures",47,766,164,"1","0","2","2","Action",7.7,323807,7.9,8,47512,53577,106006,73367,26691,9132,3406,1627,900,1589,7.6,50,7.8,50686,7.7,166864,7.5,35435,7.7,231955,7.6,32,7.7,43338,7.7,147086,7.5,30247,7.8,31331,7.5,11,7.9,6673,7.7,18027,7.7,4621,7.2,719,7.7,55955,7.7,159472,"Crime","Drama",0,2
"42","Meet the Parents","tt0212338",2000,55000000,330444045,"Jay Roach",108,"Universal Pictures",73,519,145,"0","0","0","1","Comedy",7,306467,7,7,17544,22349,68254,112347,51761,18646,7350,3545,2173,2498,7.1,83,7,56477,7,147018,6.9,33205,7,195527,7,62,7,41513,7,118476,6.9,27659,6.8,48225,7.3,14,6.9,14226,6.8,26938,6.9,5012,6.8,752,7.1,61735,6.9,144001,"Science fiction","Adventure",1,3
"43","Memento","tt0209144",2000,9000000,39723096,"Christopher Nolan",113,"Newmarket Capital Group",80,2278,213,"0","0","1","1","Other",8.4,1098879,8.4,9,247826,331106,296801,134609,43328,17618,8529,5052,3881,10129,8.7,549,8.5,228305,8.4,464566,8.2,99197,8.5,697276,8.8,427,8.6,182818,8.5,389543,8.2,82598,8.2,133734,8.3,61,8.3,41669,8.2,69168,8,14716,8.1,850,8.5,173382,8.4,481515,"Science fiction","Adventure",0,0
"44","Men in Black","tt0119654",1997,90000000,589390539,"Barry Sonnenfeld",98,"Columbia Pictures",71,351,162,"0","0","0","2","Action",7.3,506999,7.3,7,34701,47364,141765,175606,67440,22266,8185,4083,2322,3267,7.5,320,7.4,96670,7.2,217641,7.3,56944,7.3,327378,7.5,257,7.4,79028,7.3,182897,7.3,47512,7.3,59932,7.1,30,7.3,16034,7.2,32097,7.6,8514,7.3,866,7.4,91806,7.2,221432,"Drama","Drama",0,0
"45","Men in Black II","tt0120912",2002,140000000,441818803,"Barry Sonnenfeld",88,"Columbia Pictures",49,650,201,"0","0","0","1","Action",6.2,337088,6.2,6,12992,10494,34534,84679,103514,53306,20495,8851,4312,3911,6.4,232,6.4,69920,6,147834,6.2,33903,6.1,225158,6.3,184,6.3,57858,6,126515,6.2,28682,6.4,37102,6.8,22,6.6,10879,6.2,19509,6.6,4648,5.9,791,6,54749,6.1,155876,"Science fiction",NA,0,1
"46","Men of Honor","tt0203019",2000,32000000,48814909,"George Tillman, Jr.",129,"Fox 2000 Pictures",56,247,104,"0","1","0","1","Drama",7.2,105471,7.4,7,10003,11249,27032,32719,15167,5274,1969,922,501,635,6.5,20,7.6,13481,7.2,55020,7,14424,7.2,75472,6.6,15,7.6,11432,7.2,48438,6.9,12461,7.5,10171,4.5,5,7.8,1890,7.4,6001,7.3,1761,6.6,549,7.1,18407,7.2,53720,"Comedy","Action",0,0
"47","Minority Report","tt0181689",2002,102000000,358372926,"Steven Spielberg",145,"Twentieth Century Fox",80,1392,262,"0","1","0","2","Action",7.6,498830,7.7,8,41931,75736,179070,131365,43767,13951,5492,2711,1640,3167,7.7,143,7.7,77737,7.6,239668,7.5,59276,7.6,339937,7.7,100,7.7,66436,7.6,206428,7.5,50512,7.5,50707,8,29,7.6,10238,7.5,30254,7.5,7714,7.6,837,7.7,86290,7.6,236894,"Animation","Adventure",1,4
"48","Miss Congeniality","tt0212346",2000,45000000,2.12e+08,"Donald Petrie",111,"Castle Rock Entertainment",43,393,134,"1","0","2","0","Comedy",6.2,183055,6.5,6,11780,8906,23108,44777,49115,25091,10725,4723,2567,2263,6.1,66,6.4,35701,6.1,77838,6.3,22051,5.9,86134,5.6,29,6,15653,5.8,50292,6.2,16559,6.8,54454,6.7,32,6.9,19284,6.7,26547,6.9,5164,6.1,682,6.4,34823,6,80896,"Comedy","Romance",0,0
"49","Monsters Inc.","tt0198781",2001,115000000,562816256,"Lee Unkrich|David Silverman|Pete Docter",92,"Pixar Animation Studios",79,687,264,"0","0","0","0","Adventure",8,794964,8.1,8,124429,166139,284499,149450,44197,13547,4972,2576,1743,3412,8.1,864,8.2,204408,8,283572,8,63312,8,448250,8.1,585,8.1,144902,7.9,219423,8,50695,8.2,138476,8,183,8.3,55638,8.2,60431,8.2,11507,7.9,807,8.1,123219,8,318272,"Comedy","Romance",0,1
"50","Mr Deeds","tt0280590",2002,50000000,171269535,"Steven Brill",96,"Columbia Pictures",24,315,120,"0","1","1","0","Comedy",5.8,133994,5.9,6,5874,3850,11709,26441,37267,25109,11375,5789,3311,3269,5.7,28,6,24119,5.7,66836,5.6,12324,5.8,88600,5.7,22,6,18928,5.8,55450,5.6,10389,5.8,18256,5.8,5,6.1,4860,5.6,10753,5.8,1738,5.3,574,5.8,34406,5.7,55887,"Drama","Drama",2,6
"51","My Big Fat Greek Wedding","tt0259446",2002,5000000,368744044,"Joel Zwick",95,"Gold Circle Films",62,777,170,"1","0","0","0","Comedy",6.5,118082,6.8,7,10586,8862,19943,31106,24304,11620,5207,2589,1636,2229,6.3,18,6.6,16409,6.4,52460,6.8,20999,6.3,58301,5.8,9,6.3,7580,6.2,33405,6.6,15540,6.9,33580,7.1,9,6.9,8599,6.8,18456,7.3,5119,6.2,532,6.8,30362,6.4,50276,"Comedy",NA,0,0
"52","Mystic River","tt0327056",2003,25000000,156822020,"Clint Eastwood",138,"Warner Bros.",84,1041,236,"0","0","0","0","Thriller",7.9,411389,7.9,8,47346,87783,152318,78699,25238,8786,3853,2131,1507,3728,8.1,83,8,69252,7.9,203715,7.8,49382,7.9,278914,8.1,59,8.1,56722,7.9,170369,7.8,40556,7.9,53122,8.3,9,7.9,11605,7.9,31084,7.9,8013,7.7,761,7.9,72233,7.9,206984,"Adventure","Adventure",0,0
"53","Napoleon Dynamite","tt0374900",2004,400000,46118097,"Jared Hess",95,"Fox Searchlight Pictures",64,1555,217,"0","0","0","0","Comedy",6.9,194951,7,7,29321,21271,39467,43615,23985,12145,6895,4869,4004,9379,7.2,66,6.9,33608,6.8,94981,7,22390,6.9,124784,7.2,47,6.9,24879,6.8,77181,6.9,18256,6.8,30088,6.6,11,6.8,8225,6.8,16915,7.1,3792,6.2,562,7,64642,6.8,72256,"Action","Thriller",0,0
"54","National Treasure","tt0368891",2004,100000000,347451894,"Jon Turteltaub",131,"Walt Disney Pictures",39,741,184,"0","0","0","2","Adventure",6.9,299339,7,7,21691,21725,58663,98960,56739,22672,9333,4364,2317,2875,6.8,82,6.9,61991,6.8,139345,6.8,33173,6.8,204187,6.7,65,6.9,49764,6.8,118382,6.8,27618,7,37842,7.6,11,7,11441,6.9,19628,7.1,5088,6.7,754,7,61841,6.7,140852,"Comedy","Drama",0,1
"55","Oceans Eleven","tt0240772",2001,85000000,450717150,"Steven Soderbergh",116,"Warner Bros.",74,945,210,"0","0","1","2","Thriller",7.7,504464,7.8,8,49482,81007,193079,124990,35692,11230,3836,1919,1158,2071,7.7,252,7.9,101676,7.7,225861,7.5,49127,7.7,325960,7.8,184,7.9,81841,7.7,187010,7.5,40657,7.7,65602,7.6,39,7.8,18204,7.7,36210,7.6,7661,7.2,840,7.9,84064,7.7,237821,"Action","Drama",1,4
"56","Patch Adams","tt0129290",1998,50000000,202292902,"Tom Shadyac",115,"Universal Pictures",25,416,55,"0","0","0","0","Comedy",6.8,102479,6.9,7,9996,9092,19805,27731,18155,7905,3926,2175,1522,2172,7.2,21,7.1,14608,6.7,49177,6.5,14047,6.7,61948,7.1,15,7,9901,6.7,38055,6.4,11212,7.1,18648,7.4,5,7.4,4440,7,10532,7,2618,6,533,6.5,23332,6.8,44302,"Adventure","Fantasy",0,5
"57","Pearl Harbor","tt0213149",2001,140000000,449220945,"Michael Bay",183,"Touchstone Pictures",44,2026,199,"0","0","2","2","Other",6.2,306993,6.3,7,27964,19656,41884,64309,58589,36428,20662,13165,9104,15232,5.5,59,6.7,53901,6.1,145012,5.8,34612,6.1,195769,5.6,36,6.5,40106,6,117302,5.8,29312,6.8,46148,5.7,17,7.3,12988,6.6,26063,6.4,4754,5.7,725,5.8,53626,6.2,146315,"Comedy","Romance",0,1
"58","Pirates of the Caribbean: The Curse of the Black Pearl","tt0325980",2003,140000000,655011224,"Gore Verbinski",143,"Walt Disney Pictures",63,2196,292,"0","0","0","0","Adventure",8,1001260,8.1,8,184203,207084,332827,173080,56954,21036,8735,4988,3362,8991,8.2,632,8.2,245141,8,400616,7.7,81728,8,603328,8.2,444,8.2,182216,7.9,317198,7.7,65363,8.2,163394,8.2,107,8.3,59352,8.1,78870,8,15071,7.7,880,8.1,160239,8,434027,"Crime","Drama",1,7
"59","Pretty Woman","tt0100405",1990,14000000,4.63e+08,"Garry Marshall",119,"Touchstone Pictures",51,334,82,"1","0","2","2","Comedy",7,281688,7.2,7,29972,27279,59408,83484,46515,18372,7517,3541,2246,3354,7.2,122,7.1,49892,6.9,121136,7,38486,6.8,130179,6.7,42,6.9,20952,6.7,75003,6.9,28287,7.4,87116,7.4,63,7.4,27811,7.4,44504,7.5,9600,6.6,777,7,45155,6.9,131709,"Adventure","Adventure",5,9
"60","Pulp Fiction","tt0110912",1994,8000000,213928762,"Quentin Tarantino",154,"Miramax",94,3058,289,"0","0","0","2","Thriller",8.9,1780147,8.7,9,659972,526960,322054,136532,50439,26127,13869,10197,8749,25248,9.1,1279,8.9,361519,8.9,689718,8.7,173976,8.9,1093553,9.2,878,9,285498,9,581379,8.8,144777,8.5,207176,8.6,203,8.6,67554,8.5,98421,8.3,25850,8.6,907,8.9,274101,8.9,712280,"Drama","Drama",4,8
"61","Raiders of the Lost Ark","tt0082971",1981,18000000,389925971,"Steven Spielberg",115,"Paramount Pictures",85,948,258,"0","1","1","2","Adventure",8.4,865510,8.4,9,208600,236733,241355,115856,34656,12704,5449,2765,1997,5395,8.4,578,8.3,138011,8.4,346665,8.7,126554,8.5,553563,8.5,463,8.3,115925,8.5,298620,8.7,105533,8.2,87193,8.2,63,8,19744,8.2,43525,8.6,18806,8.7,910,8.8,179727,8.3,339474,"Action","Adventure",0,0
"62","Rain Man","tt0095953",1988,25000000,354825435,"Barry Levinson",133,"United Artists",65,442,98,"1","1","0","1","Drama",8,465105,8,8,56784,98067,181850,88552,24896,7684,2792,1396,899,2185,8.1,155,8.1,81121,8,208047,7.9,63376,8,296313,8.2,115,8.1,62562,8,168501,7.9,50691,8,70037,7.9,24,8.1,17433,8,37074,8,11671,7.7,822,8,83838,8,215914,"Action","Drama",5,11
"63","S.W.A.T.","tt0257076",2003,80000000,116643346,"Clark Johnson",117,"Columbia Pictures",45,347,150,"0","0","0","1","Action",6,136189,6.1,6,5353,3951,12977,31861,41490,22956,9242,4167,2006,2186,5.1,11,6.3,20481,6,72346,5.9,14925,6,98796,4.9,9,6.2,17976,5.9,64260,5.9,12916,6.3,11995,6,2,6.6,2290,6.2,7339,6.4,1803,5.7,575,6.1,26014,6,68376,"Animation","Adventure",1,2
"64","Saving Private Ryan","tt0120815",1998,70000000,481840909,"Steven Spielberg",169,"DreamWorks",91,2610,268,"0","0","0","1","Drama",8.6,1203825,8.5,9,310561,375642,305604,128640,41277,16544,7939,5001,3843,8774,8.6,694,8.7,230884,8.5,475245,8.5,129151,8.6,775767,8.7,519,8.7,196209,8.6,412715,8.5,109427,8.1,111030,8,88,8.3,29995,8,55836,8.1,17341,8.4,869,8.8,196997,8.5,480124,"Animation","Adventure",0,2
"65","Shrek (Full-screen)","tt0126029",2001,60000000,484409218,"Andrew Adamson|Vicky Jenson",90,"DreamWorks Animation",84,1071,168,"0","1","0","0","Adventure",7.8,600116,7.9,8,81018,106196,213929,127259,41618,14279,5650,3076,2126,4965,7.8,569,7.9,135536,7.8,238353,7.9,58107,7.8,346841,7.8,385,7.9,95444,7.8,185224,7.9,46826,7.9,103942,7.7,109,8,37209,7.9,50171,8.1,10330,7.6,818,7.8,103831,7.8,262389,"Comedy","Drama",1,5
"66","Shrek 2","tt0298148",2004,150000000,919838758,"Andrew Adamson|Kelly Asbury|Conrad Vernon",93,"DreamWorks",75,546,200,"0","1","0","0","Adventure",7.2,410089,7.3,7,36633,41585,104292,133045,59398,19753,7224,3356,1881,2922,7.5,420,7.3,101184,7.1,162993,7.2,34514,7.2,240459,7.4,285,7.3,71590,7.1,127251,7.2,28132,7.3,71420,7.7,78,7.4,27490,7.3,33899,7.3,5842,7,746,7.2,65276,7.2,186813,"Comedy",NA,0,0
"67","Sideways","tt0375063",2004,16000000,109502303,"Alexander Payne",126,"Fox Searchlight Pictures",94,881,295,"1","0","1","0","Comedy",7.5,177052,7.5,8,19650,28726,51066,41717,18167,7499,3542,2176,1474,3035,7.7,28,7.5,19044,7.4,90895,7.5,31713,7.5,121028,7.6,20,7.6,15734,7.5,75738,7.5,26187,7,23007,7.8,6,6.8,3082,7,14172,7.3,5062,7,621,7.6,44264,7.4,85524,"Comedy","Drama",0,1
"68","Sister Act","tt0105417",1992,31000000,231605150,"Emile Ardolino",100,"Touchstone Pictures",51,136,32,"1","1","0","0","Other",6.4,85553,6.5,7,6515,4381,11815,21246,21738,10753,4554,2110,1265,1176,6.9,28,6.6,10857,6.3,40101,6.3,12624,6.2,46205,6.8,17,6.4,6101,6.1,28412,6.1,9782,6.9,19450,6.9,9,6.9,4552,6.9,11186,6.9,2669,6,591,6.4,18158,6.3,37955,"Adventure","Fantasy",0,2
"69","Somethings Gotta Give","tt0337741",2003,80000000,266728738,"Nancy Meyers",128,"Columbia Pictures",66,422,148,"0","1","1","0","Drama",6.7,110012,6.9,7,7081,7513,19656,35693,24067,9116,3419,1574,794,1099,6.2,12,6.7,13409,6.7,53367,6.9,19118,6.7,57382,5.8,7,6.6,6886,6.6,34763,6.8,13775,6.9,30654,7,4,6.7,6282,6.8,17981,7.3,5047,6.5,556,6.7,21891,6.7,53923,"Adventure","Fantasy",1,3
"70","Spider-Man","tt0145487",2002,139000000,821708551,"Sam Raimi",121,"Columbia Pictures",73,2130,322,"0","0","1","0","Adventure",7.3,675212,7.4,7,58673,68597,188079,215480,86462,30374,11348,6108,3536,6555,7.7,593,7.4,154028,7.2,272023,7.3,61340,7.3,431597,7.8,455,7.5,123390,7.2,229344,7.3,52267,7.1,79953,7.5,71,7.2,27960,7,39351,7.2,8009,7.5,864,7.4,120837,7.2,285308,"Comedy","Romance",0,0
"71","Spider-Man 2","tt0316654",2004,200000000,783766341,"Sam Raimi",127,"Columbia Pictures",83,1458,321,"0","1","0","0","Action",7.3,532565,7.4,7,60265,63408,135559,150950,71311,26333,10091,5243,3258,6147,7.8,519,7.4,123446,7.2,214612,7.3,44616,7.3,345411,7.9,410,7.5,101267,7.2,184431,7.3,38582,6.9,56292,7.4,55,7,19940,6.8,27695,7.1,5348,7.5,831,7.5,95432,7.2,226864,"Action","Thriller",0,0
"72","Sweet Home Alabama","tt0256415",2002,30000000,180622424,"Andy Tennant",108,"Touchstone Pictures",45,408,75,"1","0","2","1","Comedy",6.2,100636,6.5,6,8259,5795,12668,21846,24646,14616,6427,3059,1623,1697,5.9,14,6.3,16582,6.1,47086,6.3,13758,5.9,38558,5,2,5.9,4673,5.8,23390,6.1,9161,6.6,41213,6.1,11,6.6,11651,6.5,23191,6.8,4388,5.7,464,6.3,26549,6,40767,"Action","Thriller",0,0
"73","Swordfish","tt0244244",2001,102000000,147080413,"Dominic Sena",99,"Hollywood Licensing Group",32,556,164,"0","0","0","2","Action",6.5,174509,6.6,7,7849,9025,27941,53412,41019,18795,8222,3882,2138,2226,6.7,19,6.6,17262,6.5,97588,6.5,23949,6.5,128598,6.6,14,6.6,15392,6.5,87838,6.5,21137,6.3,13489,7.7,3,6.5,1698,6.3,8778,6.4,2469,6,670,6.4,30790,6.5,92303,"Action","Thriller",0,0
"74","The Bourne Identity","tt0258463",2002,60000000,214034224,"Doug Liman",119,"Universal Pictures",68,915,249,"0","1","1","2","Action",7.9,499095,8,8,57933,92170,197760,106842,29185,8542,3007,1404,763,1489,7.7,159,7.9,94850,7.9,227758,8,55935,7.9,343832,7.8,131,7.9,80953,7.9,197942,8,47759,7.8,49947,6.9,19,7.7,12695,7.7,27386,8,7267,7.6,847,8,83036,7.8,239775,"Action","Adventure",0,0
"75","The Bourne Supremacy","tt0372183",2004,75000000,288500217,"Paul Greengrass",108,"Universal Pictures",73,849,248,"0","0","0","0","Action",7.7,427227,7.8,8,44811,65984,163565,106562,30372,9035,3135,1476,797,1490,7.5,121,7.8,80268,7.7,198384,7.7,47638,7.7,300104,7.5,102,7.8,69763,7.7,174503,7.7,40988,7.6,39210,7.2,14,7.6,9473,7.6,21781,7.8,5921,7.5,815,7.8,70644,7.7,207615,"Action","Thriller",0,0
"76","The Day After Tomorrow","tt0319262",2004,125000000,544272402,"Roland Emmerich",124,"Twentieth Century Fox",47,1225,239,"0","0","0","2","Action",6.4,408418,6.5,7,22072,20594,58792,115945,100048,47850,21239,10224,5565,6089,6.5,149,6.6,85354,6.3,183369,6.4,42910,6.4,268055,6.5,106,6.6,66286,6.3,152300,6.4,36034,6.7,55794,6.7,28,6.9,17788,6.6,28907,6.8,6197,6.2,808,6.2,64449,6.4,197749,"Adventure","Drama",0,0
"77","The Fast and the Furious","tt0232500",2001,38000000,207283925,"Rob Cohen",106,"Universal Pictures",58,1067,214,"0","0","0","1","Action",6.8,341160,6.9,7,34741,22627,59424,102481,66654,26934,11724,6225,3932,6418,6.9,225,7,79658,6.7,150426,6.4,24222,6.7,230938,6.7,175,7,66915,6.7,129943,6.4,20737,7,35696,7.6,21,7.2,11579,6.8,18827,6.8,3103,6.1,740,6.7,52993,6.7,157573,"Fantasy","Drama",0,4
"78","The Generals Daughter","tt0144214",1999,60000000,149705852,"Simon West",116,"Paramount Pictures",47,286,117,"0","1","1","2","Thriller",6.4,52364,6.4,6,1816,1958,6817,14938,14649,6661,2786,1228,664,847,7,3,6.5,2052,6.3,23919,6.4,13051,6.3,34424,7,3,6.5,1645,6.3,20546,6.4,11045,6.5,5585,NA,NA,6.7,377,6.4,3126,6.6,1836,6,487,6.2,12471,6.4,23381,"Animation","Adventure",2,4
"79","The Green Mile","tt0120689",1999,60000000,284600000,"Frank Darabont",189,"Castle Rock Entertainment",61,1761,205,"0","0","0","0","Adventure",8.6,1112336,8.5,9,292559,346468,287096,118287,36269,13659,6491,3893,2547,5067,8.7,720,8.7,224384,8.5,438800,8.4,108229,8.6,665713,8.7,486,8.7,172676,8.5,354734,8.3,86589,8.7,155430,8.7,124,8.8,46610,8.6,77204,8.6,19509,8.2,868,8.4,146539,8.6,465479,"Adventure","Thriller",0,0
"80","The Incredibles","tt0317705",2004,92000000,631442092,"Brad Bird",115,"Pixar Animation Studios",90,947,237,"0","1","1","1","Action",8,642759,8,8,110288,130580,208184,119818,43388,14881,5655,2870,1773,5322,8.3,701,8.1,154272,7.9,252363,8.1,58188,8,387948,8.3,499,8.1,112925,7.9,203553,8.1,47957,7.8,99883,8.3,124,7.9,38152,7.7,45821,8,9332,7.8,809,8.3,118651,7.8,272148,"Adventure","Drama",0,4
"81","The Italian Job","tt0317740",2003,60000000,176070171,"F. Gary Gray",111,"Paramount Pictures",68,525,169,"0","0","0","0","Thriller",7,337492,7.1,7,20626,25442,75587,123974,58721,19498,6912,3128,1510,2094,6.4,67,7.1,66576,6.9,162800,6.9,33682,7,236649,6.4,55,7.1,56717,6.9,140291,6.9,28619,7.1,36081,6.5,6,7.3,9017,7,20780,7.2,4542,6.8,715,7,58281,6.9,163943,"Fantasy","Adventure",4,13
"82","The Last Samurai","tt0325710",2003,140000000,456758981,"Edward Zwick",154,"Warner Bros.",55,1042,170,"0","0","0","2","Drama",7.7,392213,7.8,8,57041,69201,125166,84481,32510,11890,4791,2596,1541,2996,8,110,7.9,71239,7.7,187679,7.5,39713,7.7,274410,8,85,7.9,61823,7.7,164784,7.5,34091,7.5,35973,7.6,12,7.7,8414,7.4,20805,7.6,4977,7.2,743,7.7,61050,7.7,192169,"Fantasy","Adventure",11,11
"83","The Matrix","tt0133093",1999,63000000,463517383,"Lilly Wachowski|Lana Wachowski",136,"Warner Bros.",73,4310,342,"0","0","2","0","Action",8.7,1632315,8.5,9,496321,489582,362715,160442,55410,24779,12308,8457,6420,15881,8.5,1161,8.6,308826,8.8,659652,8.6,162396,8.8,1015550,8.6,839,8.6,249876,8.9,554948,8.6,135239,8.3,184786,8.2,167,8.2,52665,8.4,95060,8.4,24004,8.4,907,8.6,246246,8.7,664561,"Fantasy","Adventure",2,6
"84","The Notebook","tt0332280",2004,29000000,115603229,"Nick Cassavetes",123,"New Line Cinema",53,1266,146,"0","0","0","0","Comedy",7.8,508136,8,8,124790,91463,130829,84676,37675,16861,7762,4408,3148,6524,7.5,288,7.8,134264,7.8,212627,7.7,34132,7.6,224185,7.1,98,7.7,63349,7.7,126704,7.6,22143,8.1,174514,7.4,128,8.1,67998,8.2,83331,8.1,11427,7.1,651,7.7,77772,7.8,227535,"Action","Fantasy",4,4
"85","The Patriot","tt0187393",2000,110000000,215294342,"Roland Emmerich",165,"Columbia Pictures",63,1196,206,"1","0","0","2","Drama",7.2,250764,7.3,7,26665,29134,61477,69219,33415,14235,6379,3686,2366,4188,7.7,54,7.5,34327,7.1,121972,7,33609,7.2,170665,7.9,41,7.5,28718,7.1,105559,7,28500,7.2,26090,6.9,8,7.5,5154,7.1,15079,7.3,4647,6.8,706,7.4,58929,7,106075,"Drama","Drama",0,0
"86","The Rock","tt0117500",1996,75000000,335062621,"Michael Bay",136,"Hollywood Pictures",58,470,129,"0","0","0","0","Action",7.4,307112,7.5,8,31098,37965,88600,87834,36080,13394,5410,2750,1658,2323,7.5,47,7.4,31176,7.5,159588,7.2,41994,7.4,218168,7.4,36,7.4,28606,7.5,144171,7.2,36187,7.4,22094,8.2,4,7.3,2179,7.3,13657,7.4,5209,7.2,776,7.4,59625,7.4,146158,"Action","Drama",0,3
"87","The Royal Tenenbaums","tt0265666",2001,21000000,71441250,"Wes Anderson",110,"Touchstone Pictures",76,985,230,"0","1","0","0","Comedy",7.6,260939,7.7,8,42582,45219,72904,53204,22786,10248,5052,3143,2211,3590,8,85,7.8,42567,7.6,124821,7.1,30342,7.6,158329,8,57,7.8,29439,7.6,97906,7.1,24719,7.7,44870,8,25,7.9,12383,7.7,25279,7.2,5069,6.8,664,7.8,64060,7.5,110852,"Adventure","Adventure",0,1
"88","The School of Rock","tt0332379",2003,35000000,131282949,"Richard Linklater",108,"Paramount Pictures",82,520,207,"0","0","1","2","Comedy",7.1,262543,7.3,7,23827,24794,64311,82299,40657,15101,5515,2659,1520,1860,7.6,168,7.2,63582,7,111374,7,24232,7.1,165980,7.7,125,7.3,46855,7,91108,7,20235,7,40565,7.3,25,7.2,15758,6.9,19037,7.1,3566,6.7,680,7.2,51969,7,119194,"Comedy","Drama",0,1
"89","The Shawshank Redemption Special Edition","tt0111161",1994,25000000,28341469,"Frank Darabont",142,"Castle Rock Entertainment",80,8232,164,"0","0","0","0","Drama",9.3,2278845,9.1,10,1259076,582166,264604,84779,25558,13167,6419,4615,4303,34158,9.3,1898,9.3,489526,9.3,863727,9.1,204278,9.3,1392803,9.3,1327,9.3,389793,9.3,721951,9.1,165852,9.2,274168,9,267,9.2,88528,9.2,129249,9.2,34317,8.9,906,9.3,327264,9.2,887226,"Comedy","Music",0,0
"90","The Silence of the Lambs","tt0102926",1991,19000000,272742922,"Jonathan Demme",118,"Strong Heart/Demme Production",85,1326,224,"1","0","2","0","Thriller",8.6,1234134,8.5,9,288213,405645,344397,131203,34978,12717,5627,3199,2526,5629,8.7,756,8.6,246505,8.6,468623,8.6,137199,8.6,727178,8.7,504,8.6,185222,8.6,378631,8.6,110732,8.6,176084,8.5,157,8.6,56082,8.5,83095,8.7,23763,8.7,905,8.7,195889,8.6,492534,"Drama",NA,0,7
"91","The Sixth Sense","tt0167404",1999,40000000,672806292,"M. Night Shyamalan",107,"Hollywood Pictures",64,2233,265,"0","1","0","0","Other",8.1,894385,8.1,8,142150,223691,294851,149329,48759,16292,6895,3786,2869,5763,8.3,420,8.2,155736,8.1,388527,8.2,105900,8.1,540445,8.2,286,8.2,116631,8.1,308470,8.2,84681,8.2,139867,8.3,90,8.2,36733,8.1,75238,8.4,19504,8.1,885,8.1,157331,8.1,386132,"Crime","Drama",5,7
"92","The Terminal","tt0362227",2004,60000000,219417255,"Steven Spielberg",128,"DreamWorks",55,706,152,"0","0","0","0","Comedy",7.4,396732,7.5,7,34029,48012,116012,120651,48281,16709,6180,3034,1666,2158,7.6,204,7.6,84341,7.3,182399,7,34911,7.4,253372,7.5,137,7.6,63868,7.3,147249,7,28790,7.3,60865,7.7,35,7.6,19057,7.2,32969,7,5548,7,744,7.1,51016,7.3,200042,"Drama","Thriller",0,6
"93","The Wedding Planner","tt0209475",2001,35000000,94728529,"Adam Shankman",103,"Columbia Pictures",33,229,109,"1","0","2","2","Comedy",5.3,74640,5.5,6,3870,2252,5282,10284,15946,16687,9445,5048,2896,2930,5.8,10,5.6,13806,5.1,33568,5.3,9371,4.8,26726,4.7,3,4.9,3401,4.7,16107,5.1,6266,5.7,31855,6.3,6,5.9,10183,5.6,17087,5.9,2954,4.8,451,5.4,15931,5.1,32489,"Comedy","Romance",0,0
"94","Titanic","tt0120338",1997,200000000,1845034188,"James Cameron",194,"Twentieth Century Fox",75,2884,331,"1","0","1","2","Drama",7.8,1023181,7.8,8,234100,165285,246579,190419,83035,39130,18719,12420,8837,24657,8,899,8.1,239285,7.7,392712,7.5,91155,7.7,557535,8,531,8,156145,7.6,294232,7.5,71121,8.1,203679,7.9,204,8.3,77529,8,93058,7.8,18340,7.4,895,7.7,158021,7.7,427721,"Comedy","Romance",0,0
"95","Tomb Raider","tt0146316",2001,115000000,274703340,"Simon West",100,"Paramount Pictures",33,852,211,"1","0","2","1","Adventure",5.8,195155,5.9,6,8780,5092,15147,37074,54401,38509,17384,8981,4912,4875,5.7,63,5.9,34434,5.7,90208,6,24152,5.7,125642,5.5,42,5.8,25834,5.6,74227,5.9,20337,6.2,27922,6.8,14,6.3,8111,6,14963,6.3,3461,5.4,738,5.8,30517,5.7,98268,"Drama","Drama",11,14
"96","Top Gun","tt0092099",1986,15000000,356830601,"Tony Scott",110,"Paramount Pictures",50,497,196,"0","1","0","2","Drama",6.9,287577,7.1,7,28073,24023,58174,85885,51417,20599,8724,4326,2694,3662,7.1,128,6.9,40031,6.9,128111,6.9,42484,6.9,185534,7.1,94,6.9,32473,6.9,108076,6.8,35208,6.9,33906,6.9,18,6.9,6876,6.8,18501,7.1,6566,6.4,764,7,57697,6.8,124686,"Adventure","Drama",1,4
"97","Troy","tt0332452",2004,175000000,497409852,"Wolfgang Petersen",163,"Warner Bros.",56,1804,211,"0","1","2","1","Action",7.2,479687,7.4,7,53706,57296,121847,131717,63273,25987,11473,6008,3283,5097,7.5,156,7.5,101872,7.1,217799,6.9,43358,7.2,314574,7.6,112,7.5,80651,7.2,180985,6.9,36307,7.2,63731,7,24,7.5,19601,7,34372,7,6409,6.9,758,7.2,67643,7.2,237093,"History","Drama",0,1
"98","Twister","tt0117998",1996,92000000,494471524,"Jan de Bont",113,"Warner Bros.",68,442,119,"1","0","1","0","Action",6.4,173857,6.5,7,10762,8463,23181,44807,44564,22395,9709,4531,2707,2738,6.7,45,6.4,15878,6.3,84526,6.5,29671,6.3,110352,6.7,28,6.3,12168,6.3,69522,6.4,24429,6.7,23699,6.8,13,6.7,3512,6.7,14101,6.9,4844,6.2,717,6.6,46199,6.2,70004,"Drama","Adventure",0,2
"99","Two Weeks Notice","tt0313737",2002,60000000,93354918,"Marc Lawrence",101,"Castle Rock Entertainment",42,290,114,"1","0","2","1","Comedy",6.1,104922,6.2,6,5240,4363,11509,23897,28929,16525,6928,3249,2074,2208,6.4,20,6.3,16178,6,47262,6.1,15932,5.9,41316,6.2,6,6,5008,5.8,24208,6,10655,6.4,40373,7.2,9,6.5,10892,6.3,22441,6.5,5014,5.6,490,6.1,22253,6,46702,"Comedy","Romance",0,0
"100","What Women Want","tt0207201",2000,70000000,374111707,"Nancy Meyers",127,"Paramount Pictures",47,409,157,"0","1","2","2","Comedy",6.4,188711,6.5,7,8024,8102,25977,56717,50236,22184,8971,4000,2207,2293,5.9,29,6.5,26788,6.4,96689,6.4,24567,6.4,112897,5.5,21,6.5,16669,6.4,72617,6.4,19593,6.4,38915,6.6,7,6.5,9759,6.4,23004,6.5,4612,6.3,687,6.3,31177,6.4,97969,"Comedy","Romance",0,0
